insert into boards (board_id, board_name, board_type) values (1, 'reviews', 'reviews');
insert into boards (board_id, board_name, board_type) values (2, 'qna', 'qna');

insert into users (username, password, name, phone, address, job)
values
    ('user1', 'password1', 'Lorem Ipsum 1', '010-1111-1111', '123 Lorem St', 'Developer'),
    ('user2', 'password2', 'Lorem Ipsum 2', '010-2222-2222', '456 Ipsum St', 'Designer'),
    ('user3', 'password3', 'Lorem Ipsum 3', '010-3333-3333', '789 Dolor St', 'Engineer'),
    ('user4', 'password4', 'Lorem Ipsum 4', '010-4444-4444', '321 Sit St', 'Manager'),
    ('user5', 'password5', 'Lorem Ipsum 5', '010-5555-5555', '654 Amet St', 'Analyst'),
    ('user6', 'password6', 'Lorem Ipsum 6', '010-6666-6666', '987 Consectetur St', 'Consultant'),
    ('user7', 'password7', 'Lorem Ipsum 7', '010-7777-7777', '123 Adipiscing St', 'Architect'),
    ('user8', 'password8', 'Lorem Ipsum 8', '010-8888-8888', '456 Elit St', 'Programmer'),
    ('user9', 'password9', 'Lorem Ipsum 9', '010-9999-9999', '789 Nullam St', 'Administrator'),
    ('user10', 'password10', 'Lorem Ipsum 10', '010-1010-1010', '321 Pellentesque St', 'Developer'),
    ('user11', 'password11', 'Lorem Ipsum 11', '010-1111-1111', '654 Justo St', 'Designer'),
    ('user12', 'password12', 'Lorem Ipsum 12', '010-1212-1212', '987 Vestibulum St', 'Engineer'),
    ('user13', 'password13', 'Lorem Ipsum 13', '010-1313-1313', '123 Tristique St', 'Manager'),
    ('user14', 'password14', 'Lorem Ipsum 14', '010-1414-1414', '456 Tempus St', 'Analyst'),
    ('user15', 'password15', 'Lorem Ipsum 15', '010-1515-1515', '789 Fermentum St', 'Consultant');



insert into articles (article_id, title, content, board_id, writer_id) values (31, 'The Wizar', 'Lorem ipsu', 1, 1);
insert into articles (article_id, title, content, board_id, writer_id) values (32, 'Gone with', 'Sed do eiu', 1, 2);
insert into articles (article_id, title, content, board_id, writer_id) values (33, 'Casablan', 'Ut enim ad', 1, 3);
insert into articles (article_id, title, content, board_id, writer_id) values (34, 'Citizen K', 'Duis aute ', 1, 4);
insert into articles (article_id, title, content, board_id, writer_id) values (35, 'The Wizar', 'Excepteur ', 1, 5);
insert into articles (article_id, title, content, board_id, writer_id) values (36, 'Psycho', 'Nemo enim', 1, 6);
insert into articles (article_id, title, content, board_id, writer_id) values (37, '2001: A S', 'Sed quia ', 1, 7);
insert into articles (article_id, title, content, board_id, writer_id) values (38, 'Sunset Bo', 'Ut enim ad', 1, 8);
insert into articles (article_id, title, content, board_id, writer_id) values (39, 'Star Wars', 'At vero eo', 1, 9);
insert into articles (article_id, title, content, board_id, writer_id) values (40, 'The Sound', 'Nam libero', 1, 10);
insert into articles (article_id, title, content, board_id, writer_id) values (41, 'E.T. the ', 'Temporibu', 1, 11);
insert into articles (article_id, title, content, board_id, writer_id) values (42, 'The Godfa', 'Itaque ea', 1, 12);
insert into articles (article_id, title, content, board_id, writer_id) values (43, 'Schindler', 'Lorem ips', 1, 13);
insert into articles (article_id, title, content, board_id, writer_id) values (44, 'Star Wars', 'Sed ut pe', 1, 14);
insert into articles (article_id, title, content, board_id, writer_id) values (45, 'Gone with', 'Nemo enim', 1, 15);
insert into articles (article_id, title, content, board_id, writer_id) values (46, 'The Shinin', 'Ut enim ad', 2, 1);
insert into articles (article_id, title, content, board_id, writer_id) values (47, 'Jurassic ', 'Duis aute', 2, 2);
insert into articles (article_id, title, content, board_id, writer_id) values (48, 'The Lion K', 'Ut enim ad', 2, 3);
insert into articles (article_id, title, content, board_id, writer_id) values (49, 'Toy Story', 'Duis aute', 2, 4);
insert into articles (article_id, title, content, board_id, writer_id) values (50, 'Finding N', 'Excepteur s', 2, 5);
insert into articles (article_id, title, content, board_id, writer_id) values (51, 'Frozen', 'Lorem ipsu', 2, 6);
insert into articles (article_id, title, content, board_id, writer_id) values (52, 'The Littl', 'Ut enim ad', 2, 7);
insert into articles (article_id, title, content, board_id, writer_id) values (53, 'Aladdin', 'Duis aute', 2, 8);
insert into articles (article_id, title, content, board_id, writer_id) values (54, 'Beauty an', 'Excepteur s', 2, 9);
insert into articles (article_id, title, content, board_id, writer_id) values (55, 'Moana', 'Lorem ipsu', 2, 10);
insert into articles (article_id, title, content, board_id, writer_id) values (56, 'Zootopia', 'Ut enim ad', 2, 11);
insert into articles (article_id, title, content, board_id, writer_id) values (57, 'Coco', 'Duis aute', 2, 12);
insert into articles (article_id, title, content, board_id, writer_id) values (58, 'The Incre', 'Excepteur s', 2, 13);
insert into articles (article_id, title, content, board_id, writer_id) values (59, 'Inside Ou', 'Lorem ipsu', 2, 14);
insert into articles (article_id, title, content, board_id, writer_id) values (60, 'Shrek', 'Ut enim ad', 2, 15);

insert into articles (article_id,title, content, board_id, writer_id) values (61,'Metus', 'Pede erat ultrices integer vestibulum nisi commodo venenatis..', 2, 1);
insert into articles (article_id,title, content, board_id, writer_id) values (62,'Mus', 'Quam maecenas eleifend vehicula ut himenaeos venenatis.', 2, 1);
insert into articles (article_id,title, content, board_id, writer_id) values (63,'Rutrum', 'Egestas pede suspendisse nullam phasellus ligula lectus ac vulputate aenean.', 2, 2);
insert into articles (article_id,title, content, board_id, writer_id) values (64,'Ipsum', 'Class facilisis hendrerit lobortis aliquam condimentum quis nec.', 2, 2);
insert into articles (article_id,title, content, board_id, writer_id) values (65,'Tellus', 'Conubia himenaeos curae sodales platea tincidunt et nisl duis lacus dignissim.', 2, 3);
insert into articles (article_id,title, content, board_id, writer_id) values (66,'Magna', 'Eleifend sem lobortis risus habitant sed pretium malesuada netus ipsum ut.', 2, 3);
insert into articles (article_id,title, content, board_id, writer_id) values (67,'Tortor', 'Sollicitudin aliquet ligula rutrum tempor nostra suscipit hac quis non fames.', 2, 4);
insert into articles (article_id,title, content, board_id, writer_id) values (68,'Vivamus', 'Consequat litora vestibulum platea rutrum nisi congue duis cras fermentum.', 2, 4);
insert into articles (article_id,title, content, board_id, writer_id) values (69,'IdCD', 'Convallis rutrum metus montes pretium feugiat integer pharetra massa.', 2, 5);
insert into articles (article_id,title, content, board_id, writer_id) values (70,'Scelerisque', 'At conubia laoreet ultrices arcu dictum imperdiet phasellus accumsan quis.', 2, 5);
insert into articles (article_id,title, content, board_id, writer_id) values (71,'Accumsan', 'Diam urna platea eros facilisis montes.', 2, 6);
insert into articles (article_id,title, content, board_id, writer_id) values (72,'Auctor', 'Consectetur aliquam orci dictumst tempus molestie id netus fermentum quisque phasellus.', 2, 6);
insert into articles (article_id,title, content, board_id, writer_id) values (73,'Posuere', 'In eu natoque ridiculus sodales facilisis letius lacus ut consectetur.', 2, 7);
insert into articles (article_id,title, content, board_id, writer_id) values (74,'Vel', 'Natoque si rutrum vitae pellentesque venenatis tristique nulla.', 2, 7);
insert into articles (article_id,title, content, board_id, writer_id) values (75,'Arcu', 'Dui lacus volutpat orci pellentesque tempor.', 2, 8);
insert into articles (article_id,title, content, board_id, writer_id) values (76,'Amet', 'Lectus et himenaeos elementum praesent mauris curae rhoncus conubia eleifend.', 1, 8);
insert into articles (article_id,title, content, board_id, writer_id) values (77,'Dui', 'Mus bibendum vitae proin habitant ante cursus leo himenaeos sapien ad netus.', 1, 9);
insert into articles (article_id,title, content, board_id, writer_id) values (78,'Euismod', 'Amet ullamcorper vulputate etiam nam conubia curabitur inceptos.', 1, 9);
insert into articles (article_id,title, content, board_id, writer_id) values (79,'Pellentesque', 'Nam erat aenean lorem platea maecenas montes sem ultrices vitae ligula.', 1, 10);
insert into articles (article_id,title, content, board_id, writer_id) values (80,'Himenaeos', 'Lobortis nunc tristique class ornare vitae fusce.', 1, 10);
insert into articles (article_id,title, content, board_id, writer_id) values (81,'Tristique', 'Consectetuer pulvinar nascetur sagittis penatibus auctor magnis.', 1, 11);
insert into articles (article_id,title, content, board_id, writer_id) values (82,'Si', 'Elementum ut molestie pretium hac ad laoreet natoque blandit fringilla.', 1, 11);
insert into articles (article_id,title, content, board_id, writer_id) values (83,'Pulvinar', 'Quisque cubilia taciti iaculis massa magnis litora molestie porta mi.', 1, 12);
insert into articles (article_id,title, content, board_id, writer_id) values (84,'Venenatis', 'Taciti posuere donec molestie lorem vestibulum dictumst.', 1, 12);
insert into articles (article_id,title, content, board_id, writer_id) values (85,'Neque', 'Montes aptent porttitor amet dui curae commodo mollis ridiculus.', 1, 13);
insert into articles (article_id,title, content, board_id, writer_id) values (86,'Penatibus', 'Sollicitudin donec mauris ornare vulputate quisque tortor gravida lobortis per consequat.', 1, 13);
insert into articles (article_id,title, content, board_id, writer_id) values (87,'Dis', 'Potenti consequat integer leo ut cubilia taciti facilisi.', 1, 14);
insert into articles (article_id,title, content, board_id, writer_id) values (88,'Penatibus', 'Id dictum tortor ligula taciti commodo donec tincidunt magna quis nunc.', 1, 14);
insert into articles (article_id,title, content, board_id, writer_id) values (89,'Hendrerit', 'Donec etiam orci habitasse porta malesuada suscipit pulvinar primis vulputate curabitur tellus.', 1, 15);
insert into articles (article_id,title, content, board_id, writer_id) values (90,'Netus', 'Turpis integer accumsan justo rutrum ac metus ut non amet elit ad.', 1, 15);


