{
  "type": "FeatureCollection",
  "features": [
    {
      "type": "Feature",
      "id": "강동구",
      "properties": {
        "code": "11250",
        "name": "강동구",
        "name_eng": "Gangdong-gu",
        "base_year": "2013"
      },
      "geometry": {
        "type": "Polygon",
        "coordinates": [
          [
            [
              127.11519584981606,
              37.557533180704915
            ],
            [
              127.16683184366129,
              37.57672487388627
            ],
            [
              127.18408792330152,
              37.55814280369575
            ],
            [
              127.16530984307447,
              37.54221851258693
            ],
            [
              127.14672806823502,
              37.51415680680291
            ],
            [
              127.12123165719615,
              37.52528270089
            ],
            [
              127.1116764203608,
              37.540669955324965
            ],
            [
              127.11519584981606,
              37.557533180704915
            ]
          ]
        ]
      }
    },
    {
      "type": "Feature",
      "id": "송파구",
      "properties": {
        "code": "11240",
        "name": "송파구",
        "name_eng": "Songpa-gu",
        "base_year": "2013"
      },
      "geometry": {
        "type": "Polygon",
        "coordinates": [
          [
            [
              127.0690698130372,
              37.522279423505026
            ],
            [
              127.10087519791962,
              37.524841220167055
            ],
            [
              127.1116764203608,
              37.540669955324965
            ],
            [
              127.12123165719615,
              37.52528270089
            ],
            [
              127.14672806823502,
              37.51415680680291
            ],
            [
              127.1634944215765,
              37.497445406097484
            ],
            [
              127.14206058413274,
              37.47089819098501
            ],
            [
              127.12440571080893,
              37.46240445587048
            ],
            [
              127.11117085201238,
              37.485708381512445
            ],
            [
              127.0719146000724,
              37.50224013587669
            ],
            [
              127.0690698130372,
              37.522279423505026
            ]
          ]
        ]
      }
    },
    {
      "type": "Feature",
      "id": "강남구",
      "properties": {
        "code": "11230",
        "name": "강남구",
        "name_eng": "Gangnam-gu",
        "base_year": "2013"
      },
      "geometry": {
        "type": "Polygon",
        "coordinates": [
          [
            [
              127.05867359288398,
              37.52629974922568
            ],
            [
              127.0690698130372,
              37.522279423505026
            ],
            [
              127.0719146000724,
              37.50224013587669
            ],
            [
              127.11117085201238,
              37.485708381512445
            ],
            [
              127.12440571080893,
              37.46240445587048
            ],
            [
              127.09842759318751,
              37.45862253857461
            ],
            [
              127.08640440578156,
              37.472697935184655
            ],
            [
              127.0559170481904,
              37.4659228914077
            ],
            [
              127.03621915098798,
              37.48175802427603
            ],
            [
              127.01397119667513,
              37.52503988289669
            ],
            [
              127.02302831890559,
              37.53231899582663
            ],
            [
              127.05867359288398,
              37.52629974922568
            ]
          ]
        ]
      }
    },
    {
      "type": "Feature",
      "id": "서초구",
      "properties": {
        "code": "11220",
        "name": "서초구",
        "name_eng": "Seocho-gu",
        "base_year": "2013"
      },
      "geometry": {
        "type": "Polygon",
        "coordinates": [
          [
            [
              127.01397119667513,
              37.52503988289669
            ],
            [
              127.03621915098798,
              37.48175802427603
            ],
            [
              127.0559170481904,
              37.4659228914077
            ],
            [
              127.08640440578156,
              37.472697935184655
            ],
            [
              127.09842759318751,
              37.45862253857461
            ],
            [
              127.09046928565951,
              37.44296826114185
            ],
            [
              127.06778107605433,
              37.426197424057314
            ],
            [
              127.04957232987142,
              37.42805836845694
            ],
            [
              127.03881782597922,
              37.45382039851715
            ],
            [
              126.99072073195462,
              37.455326143310025
            ],
            [
              126.98367668291802,
              37.473856492692086
            ],
            [
              126.98223807916081,
              37.509314966770326
            ],
            [
              127.01397119667513,
              37.52503988289669
            ]
          ]
        ]
      }
    },
    {
      "type": "Feature",
      "id": "관악구",
      "properties": {
        "code": "11210",
        "name": "관악구",
        "name_eng": "Gwanak-gu",
        "base_year": "2013"
      },
      "geometry": {
        "type": "Polygon",
        "coordinates": [
          [
            [
              126.98367668291802,
              37.473856492692086
            ],
            [
              126.99072073195462,
              37.455326143310025
            ],
            [
              126.96520439085143,
              37.438249784006246
            ],
            [
              126.95000001010182,
              37.43613451165719
            ],
            [
              126.93084408056525,
              37.447382928333994
            ],
            [
              126.9167728146601,
              37.45490566423789
            ],
            [
              126.90156094129895,
              37.47753842789901
            ],
            [
              126.90531975801812,
              37.48218087575429
            ],
            [
              126.94922661389508,
              37.49125437495649
            ],
            [
              126.9725891850662,
              37.472561363278125
            ],
            [
              126.98367668291802,
              37.473856492692086
            ]
          ]
        ]
      }
    },
    {
      "type": "Feature",
      "id": "동작구",
      "properties": {
        "code": "11200",
        "name": "동작구",
        "name_eng": "Dongjak-gu",
        "base_year": "2013"
      },
      "geometry": {
        "type": "Polygon",
        "coordinates": [
          [
            [
              126.98223807916081,
              37.509314966770326
            ],
            [
              126.98367668291802,
              37.473856492692086
            ],
            [
              126.9725891850662,
              37.472561363278125
            ],
            [
              126.94922661389508,
              37.49125437495649
            ],
            [
              126.90531975801812,
              37.48218087575429
            ],
            [
              126.92177893174825,
              37.494889877415176
            ],
            [
              126.92810628828279,
              37.51329595732015
            ],
            [
              126.95249990298159,
              37.51722500741813
            ],
            [
              126.98223807916081,
              37.509314966770326
            ]
          ]
        ]
      }
    },
    {
      "type": "Feature",
      "id": "영등포구",
      "properties": {
        "code": "11190",
        "name": "영등포구",
        "name_eng": "Yeongdeungpo-gu",
        "base_year": "2013"
      },
      "geometry": {
        "type": "Polygon",
        "coordinates": [
          [
            [
              126.89184663862764,
              37.547373974997114
            ],
            [
              126.94566733083212,
              37.526617542453366
            ],
            [
              126.95249990298159,
              37.51722500741813
            ],
            [
              126.92810628828279,
              37.51329595732015
            ],
            [
              126.92177893174825,
              37.494889877415176
            ],
            [
              126.90531975801812,
              37.48218087575429
            ],
            [
              126.89594776782485,
              37.504675281309176
            ],
            [
              126.88156402353862,
              37.513970034765684
            ],
            [
              126.88825757860099,
              37.54079733630232
            ],
            [
              126.89184663862764,
              37.547373974997114
            ]
          ]
        ]
      }
    },
    {
      "type": "Feature",
      "id": "금천구",
      "properties": {
        "code": "11180",
        "name": "금천구",
        "name_eng": "Geumcheon-gu",
        "base_year": "2013"
      },
      "geometry": {
        "type": "Polygon",
        "coordinates": [
          [
            [
              126.90156094129895,
              37.47753842789901
            ],
            [
              126.9167728146601,
              37.45490566423789
            ],
            [
              126.93084408056525,
              37.447382928333994
            ],
            [
              126.9025831711697,
              37.434549366349124
            ],
            [
              126.87683271502428,
              37.482576591607305
            ],
            [
              126.90156094129895,
              37.47753842789901
            ]
          ]
        ]
      }
    },
    {
      "type": "Feature",
      "id": "구로구",
      "properties": {
        "code": "11170",
        "name": "구로구",
        "name_eng": "Guro-gu",
        "base_year": "2013"
      },
      "geometry": {
        "type": "Polygon",
        "coordinates": [
          [
            [
              126.82688081517314,
              37.50548972232896
            ],
            [
              126.88156402353862,
              37.513970034765684
            ],
            [
              126.89594776782485,
              37.504675281309176
            ],
            [
              126.90531975801812,
              37.48218087575429
            ],
            [
              126.90156094129895,
              37.47753842789901
            ],
            [
              126.87683271502428,
              37.482576591607305
            ],
            [
              126.84762676054953,
              37.47146723936323
            ],
            [
              126.83549485076196,
              37.474098236975095
            ],
            [
              126.82264796791348,
              37.4878476492147
            ],
            [
              126.82504736331406,
              37.50302612640443
            ],
            [
              126.82688081517314,
              37.50548972232896
            ]
          ]
        ]
      }
    },
    {
      "type": "Feature",
      "id": "강서구",
      "properties": {
        "code": "11160",
        "name": "강서구",
        "name_eng": "Gangseo-gu",
        "base_year": "2013"
      },
      "geometry": {
        "type": "Polygon",
        "coordinates": [
          [
            [
              126.79575768552907,
              37.57881087633202
            ],
            [
              126.80702115023597,
              37.60123001013228
            ],
            [
              126.82251438477105,
              37.5880430810082
            ],
            [
              126.85984199399667,
              37.571847855292745
            ],
            [
              126.89184663862764,
              37.547373974997114
            ],
            [
              126.88825757860099,
              37.54079733630232
            ],
            [
              126.86637464321238,
              37.54859191094823
            ],
            [
              126.86610073476395,
              37.52699964144669
            ],
            [
              126.84257291943153,
              37.52373707805596
            ],
            [
              126.8242331426722,
              37.53788078753248
            ],
            [
              126.77324417717703,
              37.5459123450554
            ],
            [
              126.76979180579352,
              37.55139183008809
            ],
            [
              126.79575768552907,
              37.57881087633202
            ]
          ]
        ]
      }
    },
    {
      "type": "Feature",
      "id": "양천구",
      "properties": {
        "code": "11150",
        "name": "양천구",
        "name_eng": "Yangcheon-gu",
        "base_year": "2013"
      },
      "geometry": {
        "type": "Polygon",
        "coordinates": [
          [
            [
              126.8242331426722,
              37.53788078753248
            ],
            [
              126.84257291943153,
              37.52373707805596
            ],
            [
              126.86610073476395,
              37.52699964144669
            ],
            [
              126.86637464321238,
              37.54859191094823
            ],
            [
              126.88825757860099,
              37.54079733630232
            ],
            [
              126.88156402353862,
              37.513970034765684
            ],
            [
              126.82688081517314,
              37.50548972232896
            ],
            [
              126.8242331426722,
              37.53788078753248
            ]
          ]
        ]
      }
    },
    {
      "type": "Feature",
      "id": "마포구",
      "properties": {
        "code": "11140",
        "name": "마포구",
        "name_eng": "Mapo-gu",
        "base_year": "2013"
      },
      "geometry": {
        "type": "Polygon",
        "coordinates": [
          [
            [
              126.90522065831053,
              37.57409700522574
            ],
            [
              126.93898161798973,
              37.552310003728124
            ],
            [
              126.96358226710812,
              37.55605635475154
            ],
            [
              126.96448570553055,
              37.548705692021635
            ],
            [
              126.94566733083212,
              37.526617542453366
            ],
            [
              126.89184663862764,
              37.547373974997114
            ],
            [
              126.85984199399667,
              37.571847855292745
            ],
            [
              126.88433284773288,
              37.588143322880526
            ],
            [
              126.90522065831053,
              37.57409700522574
            ]
          ]
        ]
      }
    },
    {
      "type": "Feature",
      "id": "서대문구",
      "properties": {
        "code": "11130",
        "name": "서대문구",
        "name_eng": "Seodaemun-gu",
        "base_year": "2013"
      },
      "geometry": {
        "type": "Polygon",
        "coordinates": [
          [
            [
              126.9524752030572,
              37.60508692737045
            ],
            [
              126.95565425846463,
              37.576080790881456
            ],
            [
              126.96873633279075,
              37.56313604690827
            ],
            [
              126.96358226710812,
              37.55605635475154
            ],
            [
              126.93898161798973,
              37.552310003728124
            ],
            [
              126.90522065831053,
              37.57409700522574
            ],
            [
              126.9524752030572,
              37.60508692737045
            ]
          ]
        ]
      }
    },
    {
      "type": "Feature",
      "id": "은평구",
      "properties": {
        "code": "11120",
        "name": "은평구",
        "name_eng": "Eunpyeong-gu",
        "base_year": "2013"
      },
      "geometry": {
        "type": "Polygon",
        "coordinates": [
          [
            [
              126.9738864128702,
              37.62949634786888
            ],
            [
              126.95427017006129,
              37.622033431339425
            ],
            [
              126.9524752030572,
              37.60508692737045
            ],
            [
              126.90522065831053,
              37.57409700522574
            ],
            [
              126.88433284773288,
              37.588143322880526
            ],
            [
              126.90396681003595,
              37.59227403419942
            ],
            [
              126.90303066177668,
              37.609977911401344
            ],
            [
              126.91455481429648,
              37.64150050996935
            ],
            [
              126.956473797387,
              37.652480737339445
            ],
            [
              126.9738864128702,
              37.62949634786888
            ]
          ]
        ]
      }
    },
    {
      "type": "Feature",
      "id": "노원구",
      "properties": {
        "code": "11110",
        "name": "노원구",
        "name_eng": "Nowon-gu",
        "base_year": "2013"
      },
      "geometry": {
        "type": "Polygon",
        "coordinates": [
          [
            [
              127.0838752703195,
              37.69359534202034
            ],
            [
              127.09706391309695,
              37.686383719372294
            ],
            [
              127.09440766298717,
              37.64713490473045
            ],
            [
              127.11326795855199,
              37.639622905315925
            ],
            [
              127.10782277688129,
              37.61804244241069
            ],
            [
              127.07351243825278,
              37.61283660342313
            ],
            [
              127.05209373568619,
              37.62164065487782
            ],
            [
              127.04358800895609,
              37.62848931298715
            ],
            [
              127.05800075220091,
              37.64318263878276
            ],
            [
              127.05288479710485,
              37.68423857084347
            ],
            [
              127.0838752703195,
              37.69359534202034
            ]
          ]
        ]
      }
    },
    {
      "type": "Feature",
      "id": "도봉구",
      "properties": {
        "code": "11100",
        "name": "도봉구",
        "name_eng": "Dobong-gu",
        "base_year": "2013"
      },
      "geometry": {
        "type": "Polygon",
        "coordinates": [
          [
            [
              127.05288479710485,
              37.68423857084347
            ],
            [
              127.05800075220091,
              37.64318263878276
            ],
            [
              127.04358800895609,
              37.62848931298715
            ],
            [
              127.01465935892466,
              37.64943687496812
            ],
            [
              127.02062116141389,
              37.667173575971205
            ],
            [
              127.01039666042071,
              37.681894589603594
            ],
            [
              127.01795099203432,
              37.69824412775662
            ],
            [
              127.05288479710485,
              37.68423857084347
            ]
          ]
        ]
      }
    },
    {
      "type": "Feature",
      "id": "강북구",
      "properties": {
        "code": "11090",
        "name": "강북구",
        "name_eng": "Gangbuk-gu",
        "base_year": "2013"
      },
      "geometry": {
        "type": "Polygon",
        "coordinates": [
          [
            [
              126.99383903424,
              37.676681761199085
            ],
            [
              127.01039666042071,
              37.681894589603594
            ],
            [
              127.02062116141389,
              37.667173575971205
            ],
            [
              127.01465935892466,
              37.64943687496812
            ],
            [
              127.04358800895609,
              37.62848931298715
            ],
            [
              127.05209373568619,
              37.62164065487782
            ],
            [
              127.03892400992301,
              37.609715611023816
            ],
            [
              127.0128154749523,
              37.613652243470256
            ],
            [
              126.98672705513869,
              37.63377641288196
            ],
            [
              126.9817452676551,
              37.65209769387776
            ],
            [
              126.99383903424,
              37.676681761199085
            ]
          ]
        ]
      }
    },
    {
      "type": "Feature",
      "id": "성북구",
      "properties": {
        "code": "11080",
        "name": "성북구",
        "name_eng": "Seongbuk-gu",
        "base_year": "2013"
      },
      "geometry": {
        "type": "Polygon",
        "coordinates": [
          [
            [
              126.977175406416,
              37.62859715400388
            ],
            [
              126.98672705513869,
              37.63377641288196
            ],
            [
              127.0128154749523,
              37.613652243470256
            ],
            [
              127.03892400992301,
              37.609715611023816
            ],
            [
              127.05209373568619,
              37.62164065487782
            ],
            [
              127.07351243825278,
              37.61283660342313
            ],
            [
              127.07382707099227,
              37.60401928986419
            ],
            [
              127.042705222094,
              37.59239437593391
            ],
            [
              127.02527254528003,
              37.57524616245249
            ],
            [
              126.99348293358314,
              37.588565457216156
            ],
            [
              126.98879865992384,
              37.6118927319756
            ],
            [
              126.977175406416,
              37.62859715400388
            ]
          ]
        ]
      }
    },
    {
      "type": "Feature",
      "id": "중랑구",
      "properties": {
        "code": "11070",
        "name": "중랑구",
        "name_eng": "Jungnang-gu",
        "base_year": "2013"
      },
      "geometry": {
        "type": "Polygon",
        "coordinates": [
          [
            [
              127.07351243825278,
              37.61283660342313
            ],
            [
              127.10782277688129,
              37.61804244241069
            ],
            [
              127.1201246020114,
              37.60178457598188
            ],
            [
              127.10304174249214,
              37.57076342290955
            ],
            [
              127.08068541280403,
              37.56906425519017
            ],
            [
              127.07382707099227,
              37.60401928986419
            ],
            [
              127.07351243825278,
              37.61283660342313
            ]
          ]
        ]
      }
    },
    {
      "type": "Feature",
      "id": "동대문구",
      "properties": {
        "code": "11060",
        "name": "동대문구",
        "name_eng": "Dongdaemun-gu",
        "base_year": "2013"
      },
      "geometry": {
        "type": "Polygon",
        "coordinates": [
          [
            [
              127.02527254528003,
              37.57524616245249
            ],
            [
              127.042705222094,
              37.59239437593391
            ],
            [
              127.07382707099227,
              37.60401928986419
            ],
            [
              127.08068541280403,
              37.56906425519017
            ],
            [
              127.07421053024362,
              37.55724769712085
            ],
            [
              127.05005601081567,
              37.567577612590846
            ],
            [
              127.02547266349976,
              37.568943552237734
            ],
            [
              127.02527254528003,
              37.57524616245249
            ]
          ]
        ]
      }
    },
    {
      "type": "Feature",
      "id": "광진구",
      "properties": {
        "code": "11050",
        "name": "광진구",
        "name_eng": "Gwangjin-gu",
        "base_year": "2013"
      },
      "geometry": {
        "type": "Polygon",
        "coordinates": [
          [
            [
              127.08068541280403,
              37.56906425519017
            ],
            [
              127.10304174249214,
              37.57076342290955
            ],
            [
              127.11519584981606,
              37.557533180704915
            ],
            [
              127.1116764203608,
              37.540669955324965
            ],
            [
              127.10087519791962,
              37.524841220167055
            ],
            [
              127.0690698130372,
              37.522279423505026
            ],
            [
              127.05867359288398,
              37.52629974922568
            ],
            [
              127.07421053024362,
              37.55724769712085
            ],
            [
              127.08068541280403,
              37.56906425519017
            ]
          ]
        ]
      }
    },
    {
      "type": "Feature",
      "id": "성동구",
      "properties": {
        "code": "11040",
        "name": "성동구",
        "name_eng": "Seongdong-gu",
        "base_year": "2013"
      },
      "geometry": {
        "type": "Polygon",
        "coordinates": [
          [
            [
              127.02547266349976,
              37.568943552237734
            ],
            [
              127.05005601081567,
              37.567577612590846
            ],
            [
              127.07421053024362,
              37.55724769712085
            ],
            [
              127.05867359288398,
              37.52629974922568
            ],
            [
              127.02302831890559,
              37.53231899582663
            ],
            [
              127.01070894177482,
              37.54118048964762
            ],
            [
              127.02547266349976,
              37.568943552237734
            ]
          ]
        ]
      }
    },
    {
      "type": "Feature",
      "id": "용산구",
      "properties": {
        "code": "11030",
        "name": "용산구",
        "name_eng": "Yongsan-gu",
        "base_year": "2013"
      },
      "geometry": {
        "type": "Polygon",
        "coordinates": [
          [
            [
              127.01070894177482,
              37.54118048964762
            ],
            [
              127.02302831890559,
              37.53231899582663
            ],
            [
              127.01397119667513,
              37.52503988289669
            ],
            [
              126.98223807916081,
              37.509314966770326
            ],
            [
              126.95249990298159,
              37.51722500741813
            ],
            [
              126.94566733083212,
              37.526617542453366
            ],
            [
              126.96448570553055,
              37.548705692021635
            ],
            [
              126.98752996903328,
              37.55094818807139
            ],
            [
              127.01070894177482,
              37.54118048964762
            ]
          ]
        ]
      }
    },
    {
      "type": "Feature",
      "id": "중구",
      "properties": {
        "code": "11020",
        "name": "중구",
        "name_eng": "Jung-gu",
        "base_year": "2013"
      },
      "geometry": {
        "type": "Polygon",
        "coordinates": [
          [
            [
              127.02547266349976,
              37.568943552237734
            ],
            [
              127.01070894177482,
              37.54118048964762
            ],
            [
              126.98752996903328,
              37.55094818807139
            ],
            [
              126.96448570553055,
              37.548705692021635
            ],
            [
              126.96358226710812,
              37.55605635475154
            ],
            [
              126.96873633279075,
              37.56313604690827
            ],
            [
              127.02547266349976,
              37.568943552237734
            ]
          ]
        ]
      }
    },
    {
      "type": "Feature",
      "id": "종로구",
      "properties": {
        "code": "11010",
        "name": "종로구",
        "name_eng": "Jongno-gu",
        "base_year": "2013"
      },
      "geometry": {
        "type": "Polygon",
        "coordinates": [
          [
            [
              126.9738864128702,
              37.62949634786888
            ],
            [
              126.977175406416,
              37.62859715400388
            ],
            [
              126.98879865992384,
              37.6118927319756
            ],
            [
              126.99348293358314,
              37.588565457216156
            ],
            [
              127.02527254528003,
              37.57524616245249
            ],
            [
              127.02547266349976,
              37.568943552237734
            ],
            [
              126.96873633279075,
              37.56313604690827
            ],
            [
              126.95565425846463,
              37.576080790881456
            ],
            [
              126.9524752030572,
              37.60508692737045
            ],
            [
              126.95427017006129,
              37.622033431339425
            ],
            [
              126.9738864128702,
              37.62949634786888
            ]
          ]
        ]
      }
    }
  ]
}